codigo_sucursal,nombre_sucursal,ciudad,provincia,tipo_sucursal,estado_sucursal
0001,PUNTO SALUD RIOBAMBA 001,RIOBAMBA,CHIMBORAZO,FARMACIA,ACTIVA
0002,PUNTO SALUD GUAYAQUIL 002,GUAYAQUIL,GUAYAS,FARMACIA,ACTIVA
0003,PUNTO SALUD LOJA 003,LOJA,LOJA,FARMACIA,ACTIVA
0004,PUNTO SALUD CUENCA 004,CUENCA,AZUAY,AUTOSERVICIO,ACTIVA
0005,PUNTO SALUD MACHALA 005,MACHALA,EL ORO,FARMACIA,ACTIVA
0006,PUNTO SALUD SALCEDO 006,SALCEDO,COTOPAXI,CENTRO COMERCIAL,ACTIVA
0007,PUNTO SALUD OTAVALO 007,OTAVALO,IMBABURA,AUTOSERVICIO,ACTIVA
0008,PUNTO SALUD QUITO 008,QUITO,PICHINCHA,AUTOSERVICIO,ACTIVA
0009,PUNTO SALUD IBARRA 009,IBARRA,IMBABURA,FARMACIA,ACTIVA
0010,PUNTO SALUD CAYAMBE 010,CAYAMBE,PICHINCHA,FARMACIA,ACTIVA
0011,PUNTO SALUD GUAYAQUIL 011,GUAYAQUIL,GUAYAS,AUTOSERVICIO,ACTIVA
0012,PUNTO SALUD OTAVALO 012,OTAVALO,IMBABURA,FARMACIA,ACTIVA
0013,PUNTO SALUD CAYAMBE 013,CAYAMBE,PICHINCHA,CENTRO COMERCIAL,ACTIVA
0014,PUNTO SALUD SAMBORONDON 014,SAMBORONDON,GUAYAS,CENTRO COMERCIAL,ACTIVA
0015,PUNTO SALUD BANOS 015,BANOS,TUNGURAHUA,BARRIO,ACTIVA
0016,PUNTO SALUD GUAYAQUIL 016,GUAYAQUIL,GUAYAS,FARMACIA,ACTIVA
0017,PUNTO SALUD CAYAMBE 017,CAYAMBE,PICHINCHA,FARMACIA,ACTIVA
0018,PUNTO SALUD BANOS 018,BANOS,TUNGURAHUA,BARRIO,ACTIVA
0019,PUNTO SALUD QUITO 019,QUITO,PICHINCHA,FARMACIA,ACTIVA
0020,PUNTO SALUD GUALACEO 020,GUALACEO,AZUAY,AUTOSERVICIO,ACTIVA
0021,PUNTO SALUD QUITO 021,QUITO,PICHINCHA,AUTOSERVICIO,ACTIVA
0022,PUNTO SALUD CAYAMBE 022,CAYAMBE,PICHINCHA,FARMACIA,ACTIVA
0023,PUNTO SALUD QUITO 023,QUITO,PICHINCHA,AUTOSERVICIO,ACTIVA
0024,PUNTO SALUD GUAYAQUIL 024,GUAYAQUIL,GUAYAS,FARMACIA,ACTIVA
0025,PUNTO SALUD DURAN 025,DURAN,GUAYAS,FARMACIA,ACTIVA
0026,PUNTO SALUD QUITO 026,QUITO,PICHINCHA,FARMACIA,ACTIVA
0027,PUNTO SALUD GUAYAQUIL 027,GUAYAQUIL,GUAYAS,FARMACIA,ACTIVA
0028,PUNTO SALUD LATACUNGA 028,LATACUNGA,COTOPAXI,AUTOSERVICIO,ACTIVA
0029,PUNTO SALUD AZOGUES 029,AZOGUES,CANAR,FARMACIA,ACTIVA
0030,PUNTO SALUD MACHALA 030,MACHALA,EL ORO,AUTOSERVICIO,ACTIVA
0031,PUNTO SALUD CUENCA 031,CUENCA,AZUAY,FARMACIA,ACTIVA
0032,PUNTO SALUD PASAJE 032,PASAJE,EL ORO,CENTRO COMERCIAL,ACTIVA
0033,PUNTO SALUD BANOS 033,BANOS,TUNGURAHUA,FARMACIA,ACTIVA
0034,PUNTO SALUD DURAN 034,DURAN,GUAYAS,CENTRO COMERCIAL,INACTIVA
0035,PUNTO SALUD PASAJE 035,PASAJE,EL ORO,FARMACIA,ACTIVA
0036,PUNTO SALUD SANGOLQUI 036,SANGOLQUI,PICHINCHA,FARMACIA,ACTIVA
0037,PUNTO SALUD QUEVEDO 037,QUEVEDO,LOS RIOS,AUTOSERVICIO,ACTIVA
0038,PUNTO SALUD SAMBORONDON 038,SAMBORONDON,GUAYAS,AUTOSERVICIO,ACTIVA
0039,PUNTO SALUD GUAYAQUIL 039,GUAYAQUIL,GUAYAS,FARMACIA,ACTIVA
0040,PUNTO SALUD SANGOLQUI 040,SANGOLQUI,PICHINCHA,FARMACIA,ACTIVA
0041,PUNTO SALUD SAMBORONDON 041,SAMBORONDON,GUAYAS,CENTRO COMERCIAL,ACTIVA
0042,PUNTO SALUD CATAMAYO 042,CATAMAYO,LOJA,FARMACIA,ACTIVA
0043,PUNTO SALUD SAMBORONDON 043,SAMBORONDON,GUAYAS,FARMACIA,ACTIVA
0044,PUNTO SALUD CHONE 044,CHONE,MANABI,FARMACIA,ACTIVA
0045,PUNTO SALUD GUALACEO 045,GUALACEO,AZUAY,FARMACIA,ACTIVA
0046,PUNTO SALUD DURAN 046,DURAN,GUAYAS,CENTRO COMERCIAL,ACTIVA
0047,PUNTO SALUD MACHALA 047,MACHALA,EL ORO,AUTOSERVICIO,ACTIVA
0048,PUNTO SALUD SANTO DOMINGO 048,SANTO DOMINGO,SANTO DOMINGO,BARRIO,ACTIVA
0049,PUNTO SALUD SALINAS 049,SALINAS,SANTA ELENA,AUTOSERVICIO,ACTIVA
0050,PUNTO SALUD CAYAMBE 050,CAYAMBE,PICHINCHA,FARMACIA,INACTIVA
0051,PUNTO SALUD AMBATO 051,AMBATO,TUNGURAHUA,FARMACIA,ACTIVA
0052,PUNTO SALUD CHONE 052,CHONE,MANABI,AUTOSERVICIO,ACTIVA
0053,PUNTO SALUD GUAYAQUIL 053,GUAYAQUIL,GUAYAS,BARRIO,ACTIVA
0054,PUNTO SALUD PORTOVIEJO 054,PORTOVIEJO,MANABI,BARRIO,ACTIVA
0055,PUNTO SALUD SANGOLQUI 055,SANGOLQUI,PICHINCHA,CENTRO COMERCIAL,ACTIVA
0056,PUNTO SALUD CAYAMBE 056,CAYAMBE,PICHINCHA,AUTOSERVICIO,ACTIVA
0057,PUNTO SALUD PORTOVIEJO 057,PORTOVIEJO,MANABI,FARMACIA,ACTIVA
0058,PUNTO SALUD SAMBORONDON 058,SAMBORONDON,GUAYAS,CENTRO COMERCIAL,ACTIVA
0059,PUNTO SALUD AZOGUES 059,AZOGUES,CANAR,AUTOSERVICIO,ACTIVA
0060,PUNTO SALUD LA LIBERTAD 060,LA LIBERTAD,SANTA ELENA,FARMACIA,ACTIVA
0061,PUNTO SALUD CAYAMBE 061,CAYAMBE,PICHINCHA,FARMACIA,ACTIVA
0062,PUNTO SALUD LOJA 062,LOJA,LOJA,CENTRO COMERCIAL,ACTIVA
0063,PUNTO SALUD QUEVEDO 063,QUEVEDO,LOS RIOS,AUTOSERVICIO,ACTIVA
0064,PUNTO SALUD PASAJE 064,PASAJE,EL ORO,AUTOSERVICIO,ACTIVA
0065,PUNTO SALUD SANTO DOMINGO 065,SANTO DOMINGO,SANTO DOMINGO,FARMACIA,ACTIVA
0066,PUNTO SALUD CUENCA 066,CUENCA,AZUAY,FARMACIA,ACTIVA
0067,PUNTO SALUD SANGOLQUI 067,SANGOLQUI,PICHINCHA,CENTRO COMERCIAL,ACTIVA
0068,PUNTO SALUD GUAYAQUIL 068,GUAYAQUIL,GUAYAS,FARMACIA,ACTIVA
0069,PUNTO SALUD CUENCA 069,CUENCA,AZUAY,FARMACIA,INACTIVA
0070,PUNTO SALUD SANGOLQUI 070,SANGOLQUI,PICHINCHA,BARRIO,ACTIVA
0071,PUNTO SALUD PORTOVIEJO 071,PORTOVIEJO,MANABI,BARRIO,ACTIVA
0072,PUNTO SALUD GUAYAQUIL 072,GUAYAQUIL,GUAYAS,FARMACIA,ACTIVA
0073,PUNTO SALUD DURAN 073,DURAN,GUAYAS,BARRIO,ACTIVA
0074,PUNTO SALUD QUITO 074,QUITO,PICHINCHA,CENTRO COMERCIAL,ACTIVA
0075,PUNTO SALUD BANOS 075,BANOS,TUNGURAHUA,BARRIO,ACTIVA
0076,PUNTO SALUD QUITO 076,QUITO,PICHINCHA,BARRIO,INACTIVA
0077,PUNTO SALUD DURAN 077,DURAN,GUAYAS,BARRIO,ACTIVA
0078,PUNTO SALUD BABAHOYO 078,BABAHOYO,LOS RIOS,FARMACIA,INACTIVA
0079,PUNTO SALUD CUENCA 079,CUENCA,AZUAY,AUTOSERVICIO,ACTIVA
0080,PUNTO SALUD OTAVALO 080,OTAVALO,IMBABURA,BARRIO,ACTIVA
0081,PUNTO SALUD GUAYAQUIL 081,GUAYAQUIL,GUAYAS,FARMACIA,ACTIVA
0082,PUNTO SALUD AZOGUES 082,AZOGUES,CANAR,CENTRO COMERCIAL,INACTIVA
0083,PUNTO SALUD RIOBAMBA 083,RIOBAMBA,CHIMBORAZO,AUTOSERVICIO,ACTIVA
0084,PUNTO SALUD SAMBORONDON 084,SAMBORONDON,GUAYAS,AUTOSERVICIO,ACTIVA
0085,PUNTO SALUD SANGOLQUI 085,SANGOLQUI,PICHINCHA,FARMACIA,INACTIVA
0086,PUNTO SALUD AMBATO 086,AMBATO,TUNGURAHUA,BARRIO,ACTIVA
0087,PUNTO SALUD CAYAMBE 087,CAYAMBE,PICHINCHA,FARMACIA,ACTIVA
0088,PUNTO SALUD QUITO 088,QUITO,PICHINCHA,AUTOSERVICIO,ACTIVA
0089,PUNTO SALUD SALCEDO 089,SALCEDO,COTOPAXI,FARMACIA,ACTIVA
0090,PUNTO SALUD SANTO DOMINGO 090,SANTO DOMINGO,SANTO DOMINGO,AUTOSERVICIO,ACTIVA
0091,PUNTO SALUD GUAYAQUIL 091,GUAYAQUIL,GUAYAS,CENTRO COMERCIAL,ACTIVA
0092,PUNTO SALUD PORTOVIEJO 092,PORTOVIEJO,MANABI,FARMACIA,ACTIVA
0093,PUNTO SALUD CHONE 093,CHONE,MANABI,CENTRO COMERCIAL,ACTIVA
0094,PUNTO SALUD RIOBAMBA 094,RIOBAMBA,CHIMBORAZO,FARMACIA,ACTIVA
0095,PUNTO SALUD GUAYAQUIL 095,GUAYAQUIL,GUAYAS,AUTOSERVICIO,ACTIVA
0096,PUNTO SALUD QUITO 096,QUITO,PICHINCHA,FARMACIA,ACTIVA
0097,PUNTO SALUD AMBATO 097,AMBATO,TUNGURAHUA,FARMACIA,ACTIVA
0098,PUNTO SALUD PASAJE 098,PASAJE,EL ORO,FARMACIA,ACTIVA
0099,PUNTO SALUD GUALACEO 099,GUALACEO,AZUAY,FARMACIA,INACTIVA
0100,PUNTO SALUD LATACUNGA 100,LATACUNGA,COTOPAXI,CENTRO COMERCIAL,ACTIVA
